,lines,name
0,now instead of the cops only lookin' at nicky they started looking at green too and he was supposed to be our squeaky i'm a little in shock quite frankly, casino 
1,i can't believe you're doing this was gonna stop what came up next at the casino, casino 
2,look at that look at this there's nothin' look how many blueberries your muffin has and how many mine has yours is falling apart i have nothing what, casino 
3,this is his state his uncle's chief judge his brother in law runs the county commission i don't know how many other relatives he's got in town there's gotta be a way to work him back in so what everybody out here with cowboy boots is a fuckin' county commissioner or related to a county commissioner i'm fuckin' sick of it, casino 
4,he did what he was told thank you, casino 
5,i was in the building you were in the m you were in the building, casino 
6,was i at that dinner you were wandering around, casino 
7,was i at that dinner just tell me the only time i was at the tangiers was when i had dinner with barney greenstein, casino 
8,liar uh i i'd i'd like to answer answer that at this time, casino 
9,you were never my guest i was never i was never your guest at the tangiers, casino 
10,hello senator hi ace, casino 
11,all right look if he took a break it would just give everybody some time to maneuver that's all i'm saying it's all that i'm saying they ain't sendin' nicky nowhere, casino 
12,know what my problem is every time they mention my name in the papers these cocksuckers they mention nicky too how the fuck does that help i mean the heat he brought down is murder we had a police department who was cooperative he's pissed them off so much now that nobody can make a move anymore i mean what do you do about that the old man said 'maybe your friend should give in ' and when the old man says 'maybe' that's like a papal bull not only should you quit you should run, casino 
13,first of all what they did was totally unconstitutional we're already on the list to be heard before the supreme court of the united states later this year it's a pity in this, casino 
14,i'm serious no interference you got it, casino 
15,but what happens when they do find out you don't have to have a license to work in a casino all you gotta do is apply for one the state law says you can work in a casino while they're processing your application they got a ten year backlog, casino 
16,on behalf of the teamsters' pension fund it is my pleasure to present to you he even played golf with the president, casino 
17,this is a very auspicious occasion as far as the world was concerned andy stone the head of the teamsters' pension fund was a legitimate guy, casino 
18,hold on a second hey, casino 
19,all right take care okay randy thank you, casino 
20,oh good not bad not bad in fact uh my wife's pregnant again, casino 
21,yeah i don't want her in there more than a few more minutes i will let her in the house for five minutes if you gentlemen will escort her out if she happens not to want to leave because i don't i, casino 
22,been right but who knows the worst was blue, casino 
23,i mean frank marino was there to meet him but so were the cops this time they wanted to pinch him for some diamond burglary in antwerp excuse me, casino 
24,right back i'll call you right back, casino 
25,702 472 1862 so l l l listen i te i te i tell you can i call you back in a few minutes, casino 
26,uh i'm not sam i wouldn't i know she's there don't fuck around with me, casino 
27,she's not here sam rothstein i want to talk to ginger put her on the phone, casino 
28,hello hey little dale evans, casino 
29,you fuckin' piece of shit okay, casino 
30,she's my wife look at me you did know that didn't you you knew that she's my wife huh hey look at me he was a moocher a card cheat a country club golf hustler a scumbag chasing dentists for a few bucks, casino 
31,but one thing i could never understand was that she could have everything under control except for her old pimp boyfriend lester diamond well, casino 
32,sam let me ask you a question you must really trust your wife that's right, casino 
33,ohhh i don't know, casino 
34,when did this happen honey oh no please please, casino 
35,what happened what happened who did this to you dad, casino 
36,amy amy open the door help daddy, casino 
37,oh have a good day at school hey be fuckin' nice calm be nice don't fuck up in here, casino 
38,i want to just talk i want to talk to that irish bitch ace don't listen don't don't make a scene all right, casino 
39,she's there with you she's there with you yeah well listen ginger's over here at the leaning tower with me, casino 
40,uh you know i just wanted to talk to you a minute well, casino 
41,yeah what are you doin' you okay nick, casino 
42,sammy hello, casino 
43,i think if you uh okay it you know assure her that she's gonna be all right she'll come back i don't know what am i gonna do with this woman i don't know she's drivin' me fuckin' crazy, casino 
44,she was afraid to call you and what'd she want, casino 
45,ginger called me i'm gonna okay you ten and get you even and that's it then you got to get out of here before the cops and the newspapers are all over you, casino 
46,hey sammy tell this jew motherfucker over here to pay that marker what are you doin' you gotta get out of here, casino 
47,back back up back up a fuckin' minute here one minute i asked you when the fuck did i ever ask you if i could come out here get this through your head you you do you remember what i told you, casino 
48,oh sure now you want to blame your fuckin' license on me is that it me i wouldn't even be in this situation if it wasn't for you you brought down so much fuckin' heat on me i mean every time i meet somebody here the big question is do i know you, casino 
49,your fuckin' ass you could have had the food and beverage job without goin' on television you wanted to go on tv i'm only on tv because i gotta be able to hang around the casino you understand that you know that come on, casino 
50,i'm what counts out here not your fuckin' country clubs or your fuckin' tv shows and what the fuck are you doin' on tv anyhow i, casino 
51,you want me to get out of my own fuckin' town i didn't do anything i mean i didn't order you or anybody i only told andy stone that you had a lot of heat on you and that was a problem, casino 
52,what people what'd you think i wasn't gonna find out what people, casino 
53,why hundred yards further down the road, casino 
54,meet me at three yeah, casino 
55,on the line and this guy's out havin' the time of his life he has every cop in the state watchin' him and he's out playin' golf the problem was nicky was not only bringin' heat on himself but on me too the fbi watched every move he made but he didn't care he just didn't care, casino 
56,the coppers blamed me for everything that went wrong out here and i mean every little fuckin' thing too nicky was questioned in two dozen murders but they always had to let him go there were never any witnesses, casino 
57,i knew what he wanted and i didn't want any part of it your fuckin' head is getting' bigger than your casino that's your problem pal, casino 
58,a week ago it was my business now it's none of my business in other words when you need me to take care of somethin' for you then you need me that's right yeah, casino 
59,and i what was i supposed to do throw her out okay, casino 
60,to me please, casino 
61,the point is that she's upset she's and you got a fuckin' problem listen i would, casino 
62,well she comes to see me she was upset about a lot of things especially that whole fuckin' diamond that lester diamond incident now what does she have to do with all this, casino 
63,you know i didn't want to bring this up but you have treating a lot of people with a lot of disrespect even your own wife yeah, casino 
64,a fuckin' pink robe and a fuckin' all right, casino 
65,i lost control you lost your control, casino 
66,what the fuck happened to you will you tell me every time you're on television i get mentioned that looks bad that looks bad, casino 
67,well back home they don't know about fuckin' control that looks bad i have no control over that ronnie and billy were right there they'll tell you exactly what happened, casino 
68,you mean quiet like this 'i'm the boss ' that's quiet okay i just wanna run a square joint that's it i just want my license i want everything nice and quiet that's it, casino 
69,all right fine i'll be honest with you, casino 
70,you should say so no i don't wanna come, casino 
71,where's my head where's your fuckin' balls huh you know i'm tryin' to put somethin' really big together out here you know what i'm talkin' about huh you know if you're actin' like this now how can i depend on you there's a lot of things gonna change out here and if you wanna be there with me sammy you're gonna have to go my fuckin' way i'm not tryin' to tell you what to do but you were way out of line nick what're you doin' where's your head, casino 
72,you think he got the point hey, casino 
73,very difficult to get in it's impossible it's booked up and you gotta make a reservation it's, casino 
74,hello here let's put a little of this on for you i know you like this a little butter right not a lot, casino 
75,yeah nicky loved restaurants he was a real restaurant buff and over the years he always made money with them i gotta do somethin' i gotta do somethin' they ain't gettin' rid of me they're not gettin' rid of me i'm staying here fuck 'em fuck 'em, casino 
76,in other words i'm fucked forget it you can't even set foot in the parking lot that's how serious it is, casino 
77,motherfucker unsavory fuckin' is there any way around this yeah i believe it you got banned, casino 
78,well it wasn't long before what i was afraid was gonna happen happened nicky managed to get himself banned from every casino in las vegas and from then on i couldn't be seen talkin' to him anywhere in vegas or even near it all right, casino 
79,bullshit or no bullshit they put you in that book you're gonna be in a lot of trouble you will not be able to walk into the casino i'm tellin' you that black book is a bunch of bullshit they got two names in there for the whole country and one of them is still al capone, casino 
80,you better watch yourself there's a lot of heat on you already between, casino 
81,but i'll tell you he knew how to bring in the crowds he knew all the fuckin' angles he brought over the whole 'femme fatale' show from paris but he forgot how lazy them european dancin' broads can get i mean he had to weigh 'em in once a week to make sure they didn't blow up like fuckin' balloons thanks pal, casino 
82,i'm sorry about this really if he does it again he's out for good i don't care what it is nick i'm gonna ha i'll i'll never let him in the place again, casino 
83,then he called me a faggot what, casino 
84,no no i didn't know that but you know what he did, casino 
85,be careful gaming agents are all over the place i mean nicky's a made guy and i'm not i can't do that, casino 
86,it was so obvious i mean all of nicky's half assed mechanics they were real signal happy the next thing i did i started bustin' out high stakes poker players, casino 
87,it was typical ace he invited the biggest people in town and he knew they'd show because he knew they all wanted somethin' from him with ace nobody ever got a free ride even ginger with her when i married ginger i knew all the stories but i didn't give a fuck 'i'm sam rothstein ' i said 'i can change her ', casino 
88,and nicky being nicky he made his presence known ohh, casino 
89,don't worry about it i'm not gonna do anything what am i gonna do i'm especially not gonna involve you in anything nick i gotta tell you i got pinched twice for no reason you really gotta be careful i'm running a licensed place everything's legit, casino 
90,you mean i have your permission no of course not, casino 
91,honey come here holy shit what've you been doin' out here, casino 
92,somethin' huh okay sammy, casino 
93,i mean he took care of himself only too well and that's why every badge back home wanted to nail him you find any cash in there we'll whack it up with you, casino 
94,while i was tryin' to figure out why the guy was sayin' what he was sayin' nicky just hit him no matter how big a guy might be nicky would take him on you beat nicky with fists he comes back with a bat you beat him with a knife he comes back with a gun and you beat him with a gun you better kill him because he'll keep comin' back and back until one of you is dead wait a sec nicky nicky nicky ta take it easy, casino 
95,eight it was eight ace tell him the line on the bear's game, casino 
96,yeah we made a great pair i made book and nicky made sure we always collected the old men loved us and why not they all made money with us if his girlfriend was knocked up, casino 
97,he bet like a fuckin' brain surgeon where the hell did you learn how to deal, casino 
98,give him a shot at runnin' a casino and he tries to talk you out of it got a lot of holes in the desert and a lot of problems are buried in those holes except you gotta do it right i mean you gotta have the hole already dug before you show up with a package in the trunk otherwise you're talkin' about a half hour or forty five minutes of diggin' and who knows who's gonna be comin' along in that time before you know it you gotta dig a few more holes you could be there all fuckin' night, casino 
99,by the only kind of guys that can actually get you that kind of money sixty two million seven hundred thousand dollars i don't know all the details you bet, casino 
100,okay thanks um you know that's it i'm sorry i'm sorry i can't do anything he's too incompetent and the bottom line is he cannot be trusted, casino 
101,you have got me there old don is as useless as tits on a boar but he is my brother in law and i would look on it as a personal favor if you'd think some more on hirin' him back i think you're way out of line talkin' to me like that what you're sayin' is libelous and you're in no position to challenge my expertise i went way out of my way to be very helpful and courteous to that kid he's weak he's incompetent he jeopardizes the whole place there's not much more i can do for him, casino 
102,before we point the dirty end of the stick at 'ol don uh we better be sure we can prove them charges i'm sorry but he knew about our gettin' hit on three big machines in a row and he did nothing about it that means either he was in on it or forgive me for saying this he was too dumb to see what was going on either way i cannot have a man like that workin' here, casino 
103,hey house is doin' well hey all that money is rollin' in i appreciate you takin' the time to see a poor ol' civil servant oh thank you sir, casino 
104,how do you do mr rothstein i'm pat webb, casino 
105,i'll come by okay you come by the house, casino 
106,well that's why they paid so well son of a bitch how the hell did you get oklahoma michigan nobody ever had oklahoma mi how the hell'd you do it, casino 
107,next morning bright and early i get the call let's go to lunch do you want to go to the riviera, casino 
108,good to meet you this is jennifer and nick they're dear friends of mine, casino 
109,come on there we go look at that beautiful because nicky enjoyed being a gangster and he didn't give a damn who knew it, casino 
110,they were ready to blame him for anything no matter where it happened oh yes will you help me fold these please, casino 
111,half of everything is mine no ace, casino 
112,what can i do you've got to stop her, casino 
113,yeah refill'd be great want something to drink charlie you want a refill, casino 
114,that's right she will get fired in fact i want you to send her back to paris but sir well i don't know why i guess maybe because she's frightened that if she doesn't lose the weight she may even get fired, casino 
115,she could at least lose half a pound or a quarter listen mr rothstein well sometimes when you reach that pressure point when you put that pressure point on them you know it shows, casino 
116,i trying to offer you the respect that your, casino 
117,never mind the 'sir' never mind the 'sir' mr rothstein sir let me put her on suspension, casino 
118,right away okay okay just take it easy, casino 
119,yeah billy sherbert please put him on he's gonna come up with ten thousand just the way you wanted, casino 
120,oh no now he's really pissed, casino 
121,sam we got a problem here we go good luck, casino 
122,i don't care what she is she's an institution that's the problem she's lazy this woman's an institution, casino 
123,we have some nice penthouses you'll enjoy maybe the presidential suite why not make them happy, casino 
124,nice to see you senator i had dozens of politicians and state officials comin' through that place every week, casino 
125,we can't get rid of him we need this guy, casino 
126,i hired an old casino pal billy sherbert as my manager and i went to work they had all the pieces they needed, casino 
127,if she calms down i am calm, casino 
128,should i let her in like let me in the house fucker, casino 
129,i'm afraid to let her in the house what do you mean what am i gonna do i'm in the same clothes for two days i want to get a few of my things big deal, casino 
130,i won't let her in i'm sorry randy i'm not gonna let her in she well i'm not gonna let her in the way she's behaving i'm i'm i'm not, casino 
131,you'll wake the whole neighborhood don't you threaten me, casino 
132,will you stop it you're drunk you're on drugs you're gonna you come out here and talk to me you fucker, casino 
133,you get down here she she's alone just go take the gun and go into amy's, casino 
134,so what so who fuckin' blew you in the parking lot before you came in huh now you need approval from him to go home, casino 
135,get up get going get up i wouldn't do that, casino 
136,get get up get up and what and let you disgrace me you fuckin' pig and let you disgrace me get up get up and be a mother get in the car and go to the house, casino 
137,i just want the key to my jewelry and i want you to let me go you understand what let you go, casino 
138,why don't you just let me go sam you listen carefully you ever fuckin' touch her again you ever do anything like that again i'll fuckin' kill you pure and simple do you hear me pure and fuckin' simple i'll fuckin' kill you you bitch, casino 
139,fuck you listen to me, casino 
140,i mean she was asleep i was going to be right back before she even woke up i should have, casino 
141,it's just for a little while sam the baby sitter wasn't there you out of your mind that's our child are you out of your fuckin' mind, casino 
142,hi sam i can back him off, casino 
143,she did what she did and i did what i had to do but jesus nicky was the worst thing she could've done i know you were with somebody who was it i just hope it's not someone who i think it might be i just hope it's not them, casino 
144,all right i didn't have lunch with jennifer mm, casino 
145,why do you want to do that okay i want you to call jennifer and i want you to tell her to tell you what she had for lunch and i'm gonna listen in on the other line, casino 
146,i had a salad what'd you have, casino 
147,with jennifer so who'd you go to lunch with, casino 
148,i put her to bed look i tried to do this thing i know that you want me to but it's just you know i'm driving down the freeway and the fuckin' thing's 'beep beep beep beep' you know i'm in a restaurant and it's it's embarrassing i don't want to do it anymore where's amy, casino 
149,hi you didn't answer your beeper get out of here, casino 
150,i am i'm wakin' her up right now you're not takin' amy, casino 
151,stop you aren't getting rid of me with one fuckin' suitcase and don't send your guys down there to stop me i mean it, casino 
152,here here is this enough money huh will it last you two fuckin' days take it greedy bitch take the fuckin' money you fuckin' want fuck you, casino 
153,and i still get my money i need some cash right now you can't just put me in the street no kidding no kidding, casino 
154,take your fuckin' bag and get out of here let go of me let go of me, casino 
155,get off of me stop it you hate my guts i want you to come with me now, casino 
156,i'm just tryin' to figure it out would you knock it off sam, casino 
157,yeah but even if you bought him a watch a really nice watch one that he thought was nice and he doesn't know what the fuck a good watch is so you go five ten twelve grand, casino 
158,i bought him a watch too first of all he's not gonna wear f thousand dollar suits but let's say he did which he won't how you gonna get fitted for twenty five suits in three days i um i mean how could you get fitted that fast i can't get fitted that fast and i pay twice as much, casino 
159,mm hm twenty five thousand for clothes and a watch, casino 
160,he needed some clothes with the money, casino 
161,all right okay, casino 
162,the rest of the two million is still there and, casino 
163,it's under it's uh it's under twenty five, casino 
164,under what's it, casino 
165,what about the money uh where's the box i under understand that i i know i fucked up, casino 
166,what i mean is you think if uh do you think if i came back do you think you could forgive me what do you mean, casino 
167,uh uh uh i'm not gonna ask you where you are just please put amy on a plane just put her on right away any plane to get her here right away listen, casino 
168,yeah they're gonna kidnap my kid what do you want well that's why i'm here she wants to come back but she's afraid you're gonna whack her out, casino 
169,i mean she's only sober about two hours a day it's usually from eleven in the morning until one in the afternoon and if i gave her her money and her jewels now you know what she's gonna do she's gonna piss it all away in about a year and then where will she be where would you be then comin' right back to me right back to me or finding some other excuse to come and i i yeah and i get a sprained fuckin' elbow, casino 
170,you see if a phone's tapped the feds can only listen in oh god oh god okay okay i'll try i'll try, casino 
171,yes i yes i do that's all you care about you don't care about me at all, casino 
172,you understand your drinking's gettin' way out of hand i'm gonna get you into a program they got plenty of good ones okay okay, casino 
173,it's okay look you gotta get a hold of yourself you know what ace i don't give a shit i'm gettin' out of here i am, casino 
174,what what you can't make me stop caring, casino 
175,what you didn't have to beat him up, casino 
176,isn't it bad enough you're drinkin' too much you're takin' all my pills too huh, casino 
177,you remember when you called him that night when you said goodbye to him he didn't say 'don't get married i'll be right down we'll get married ' he didn't say that to you did he good so then you could tell me what the money is for, casino 
178,okay and you're embarrassing me why do want to make me feel so bad what are you talkin' a, casino 
179,no huh well you know what now i want you to tell me i mean my wife comes to me and asks me for twenty five thousand i mean what do you want do you want a coat, casino 
180,well i mean you know i gotta ask you that's a lot of money you're not asking for a box of popcorn you know i mean well what's the difference i just need it, casino 
181,twenty five thousand for yourself well i would you know sam it's just that well i need more than that i need twenty five thousand, casino 
182,what do you need okay want to go with mommy, casino 
183,but as much as they loved her hey do you want to see this one daddy gave me all this jewelry because he loves me so much put your arm in there, casino 
184,so i put two million in cash in a los angeles bank under the name of mr and mrs tom collins this was strictly my shakedown and kidnapping money need a little help with that mr collins, casino 
185,okay now look pay attention to me what i'm gonna tell you is very important, casino 
186,you're so wonderful the jewelry's not so bad either you do whatever you want do i keep my promises or do i keep my promises, casino 
187,it's nice isn't it oh it's so soft, casino 
188,okay want to go let's go back in, casino 
189,uh huh right, casino 
190,yeah it's all right that part of your life is over with right, casino 
191,i'm not crying why're you crying, casino 
192,just what i said you'll be set up for the rest of your life that i can promise you want to take a chance what're you what're you pitching me here, casino 
193,no i i mean that can grow as i as long as there's a mutual respect that kind of thing can grow i'm realistic i can accept that but you know what is what is love anyway it's a it's a mutual respect it's it's a devotion it's a it's a caring from one person to another and if we could set up some kind of foundation based on that mutual respect i feel that eventually you would care enough about me that i could live with that understand i'm sorry, casino 
194,yeah i know all that you know a lot of happily married people sam 'cause i don't, casino 
195,i know i'd be a good father i know you'd be a good mother you got the wrong girl sam, casino 
196,we're not getting any younger don't you think it's time aren't you gettin' tired of all this shit bangin' around hustlin' around within no time everything was set in place we got rid of the freelance scamsters the per was way up the gods were happy or as happy as the gods can ever be and i i decided to complicate my life for a guy who likes sure things i was about to bet the rest of my life on a real longshot, casino 
197,thanks a lot she took care of the valet parkers the guys who could get you anything and take care of anything, casino 
198,pit bosses floor managers hey mitch, casino 
199,i hit a few uh games on the way back any change, casino 
200,okay thank you for asking see you ginger, casino 
201,i'm going to go powder my nose twenty years in order to find nothin' on me, casino 
202,stunned commissioners into the hallway where he continued his harangue until his own lawyers and friends urged him to leave bullshit bullshit, casino 
203,don't you remember you promised me a fair hearing when you were gettin' comped at my hotel and you were asking me for copies of your bills so and hypocrisy, casino 
204,good evening everyone i'm paige novodor what should have been a routine licensing hearing turned into bedlam yesterday when the flamboyant tangiers casino executive sam yeah thanks for not callin' me a liar you son of a bitch you son of a, casino 
205,no no no no please please please please no please eight children, casino 
206,well i've got a large family listen if you didn't know you're bein' scammed you're too fuckin' dumb to keep this job if you did know you were in on it either way you're out get out go on let's go, casino 
207,you might regret this mr rothstein i'm firin' you no i'm not firin' i'm firin' you you, casino 
208,i really think you're overreacting in this whole you wait you didn't see that you were being set up on the second win, casino 
209,hey ward you're pissin' me off now you're insulting my intelligence what do you think i'm a fuckin' idiot you know goddamn well somebody had to get into those machines and set those fuckin' reels well it's a casino people gotta win sometimes, casino 
210,you didn't see the scam you didn't see what was goin' on well it happened so quick three guys won i didn't have a chance to call you, casino 
211,four reels sevens across three fifteen thousand dollar jackpots do you have any idea what the odds are dang you are right mr rothstein i am so sorry, casino 
212,listen to me very carefully there are three ways of doing things around here the right way the wrong way and the way i do it you understand all right i will i will, casino 
213,these are our best machines they bring all the action no wonder the drop is off well, casino 
214,what are they doin' way back there bring 'em up here where they belong you can't even see 'em over there loose machines are right back over there, casino 
215,green ah yes here we are a little craps figures actual amount taken from craps tables before the skim hey hey, casino 
216,i mean if i can't work in vegas where am i gonna go that was nineteen years ago and they were simple gambling pinches, casino 
217,worst possible time for me all right i'm gonna give you a choice you can either have the money and the hammer or you can walk out of here you can't have both what do you want, casino 
218,now you're gonna have to learn with your left hand ye yeah, casino 
219,can you do it with your left hand no sir, casino 
220,i'm just curious i saw you shuffling your checks with your right hand can you do that with both hands we had to make an example of these pricks that the party was over, casino 
221,yeah that's my pen why is this yours your pen, casino 
222,thank you get out of here, casino 
223,i'm sorry i made a bad mistake and don't forget to tell your friends what happens if they fuck around in here you understand, casino 
224,thanks nick fuckin' kids at home here get the fuck out of here, casino 
225,no no you didn't you call yourself a man you know you're a lyin' low life motherfuckin' gambling degenerate prick you know that's what you are two small kids at home i gave you money to pay the fuckin' rent and buy groceries put the heat on you know your wife called frankie and told him the fuckin' heat's off, casino 
226,a couple of guys i owe them so that's what i did i gave 'em the money that's what i did mm, casino 
227,when i left here with the money no you you want me to come over there i'll smack your face, casino 
228,shut your mouth i don't want to go to europe, casino 
229,hey you got a minute hey he's got two million in the box am i right okay you let him keep your jewels we take the cash and the only other thing he cares about huh her majesty we go to europe you dye your hair get some pl you're goin' out to las vegas you're havin' a good time at my expense what the fuck i mean after all you're the one having a good time not me, casino 
230,well then from now on i'm gonna start keepin' records you gotta go back out there, casino 
231,come on go back there i never got paid my expenses for the last trip you gotta go back there and talk to that guy, casino 
232,i was out there with my cumma italian american slang for 'girlfriend' never mind fuckin' sam this is personal i'll be there in the morning you can fuckin' try me fatso, casino 
233,you can't talk to me like you know i think that you've gotten the wrong impression about me i think in all fairness i should explain to you what it is that i do for instance tomorrow morning i'll get up nice and early take a walk down over to the bank and walk in and see you and uh if you don't have my money for me i'll crack your fuckin' head wide open in front of everybody in the the bank and just about the time that i'm comin' out of jail hopefully you'll be comin' out of your coma and guess what i'll split your fuckin' head open again because i'm fuckin' stupid i don't give a fuck about jail that's my business that's what i do and we know what you do don't we charlie you fuck people out of money and get away with it, casino 
234,listen nicky we talked about this and uh i explained to you that there was the possibility you might have to take some kind of loss yeah least you could do is return my phone calls though, casino 
235,hi good no i don't want one hey mr clark how you doin', casino 
236,i mean you will try to push it through won't you mr clark so i put some of the money into legitimate deals with charlie clark he was ace's banker, casino 
237,but how much cash could i bury in my closet right yeah that works out, casino 
238,i can't no you can you can you've been so nice to me, casino 
239,go get a bag man um i'm gonna need a bag if you could just ask the guy for a big bag okay, casino 
240,that's not a problem that's not a p can i go in, casino 
241,he won't let me go in my house i understand, casino 
242,he won't let me in my own house he won't, casino 
243,hey go back inside this is none of your business i don't have to take your shit all the time anymore, casino 
244,okay come on i'm sorry, casino 
245,mr rothstein why don't we just let her in the house and get a few of her things that way she'll get out of here this is half her house anyway all right okay okay, casino 
246,fuckin' jerk off oh my god what are we gonna do i'm sorry, casino 
247,pitch black it what do you want it it's pitch black out here it's tin foil, casino 
248,leave me alone you fuckin' faggot do you know who you're fuckin' with, casino 
249,yeah fuck you fuck you, casino 
250,sir you're gonna have to leave you mind accompanying us outside nicky i'm sorry, casino 
251,i did i didn't is that what you did, casino 
252,he tries to do everything it's instinctive you know, casino 
253,metro intelligence cop but it didn't matter i mean it was all about the kids you know now go out there and show your dad what you can do, casino 
254,ace got my son little nicky involved with little league and it was great beautiful you got a beautiful swing, casino 
255,why does it look like it's bothering me what do i give a fuck fuckin' oscar too all the fuckin' money i've given that prick he don't even look over here what's his problem forget about it nick don't let it bother you, casino 
256,fuckers i had my kid brother dominick run it for me, casino 
257,carmine's gone he's not here, casino 
258,yeah we're lookin' for carmine we're waiting on carmine, casino 
259,well listen uh good luck with the joint huh i think you know maybe he went across the street or somewhere else or somethin' i don't know, casino 
260,carmine he was here before i saw him he had a suitcase and everything and then he left oh, casino 
261,hey nicky how are you what are you doin' here we can't help him if, casino 
262,no i won't calm down he's my husband calm down calm down, casino 
263,we're placing you under arrest for aiding and abetting a what, casino 
264,we're we're placing you under arrest for okay frankie you're a good boy, casino 
265,no problem i'm askin' you frankie to keep an eye on nicky do it for me, casino 
266,hm yeah i know that's why i'm asking you see my main concern is nicky, casino 
267,no i ain't see anything like that so i lied even though i knew that by lyin' to gaggi i could wind up gettin' killed too, casino 
268,frankie the little guy he wouldn't be fuckin' the jew's wife would he because if he is it's a problem i always tell you the truth remo, casino 
269,it's private but i want you to tell me the truth frankie i want to ask you something, casino 
270,i know and i mean that's no good, casino 
271,i know yeah everybody's talkin' about it they're makin' a big deal out of it, casino 
272,e mo va italian american slang for 'now go ' i'll take care of it remo, casino 
273,how are you hey frankie, casino 
274,uh huh good want me to take this for you, casino 
275,uh huh mi raccomando italian american slang for 'i'm counting on you' all right, casino 
276,keep a good eye on him he's makin' a lot of money for us and he's gonna continue makin' a lot of money for us so keep a good eye on him mm, casino 
277,hey nick vien acca italian american slang for 'come here' keepin' remo happy with money was the greatest insurance policy in the world, casino 
278,i mean unless ace made his bet ma che cazzo, casino 
279,you got a round figure on it okay yeah, casino 
280,i'm going' to the fbi i'm not scared anymore all right all right, casino 
281,get the fuck out of here get out get the fuck out ah you fuck you're such a fuckin' asshole, casino 
282,hey don't be such a fuckin' smartass will you i mean i know the fuckin' guy thirty five years i'm gonna fuckin' whack him for you fuck motherfucker i knew this i knew it oh well then have him killed and get it over with, casino 
283,i told you this was fuckin' dangerous remember i said 'ginger this is a dangerous situation be very careful ' you fuckin' yessed me to death me i said nothin' i said i said 'no no no ' everything he said i just kept sayin' no, casino 
284,it's what you want thank you yeah yeah yeah, casino 
285,mm okay don't worry about it nobody'll fuck with ya anymore i'll take care of ya yeah, casino 
286,is that what you want i do i need a new sponsor, casino 
287,i'm not and he scares the shit out of me i never know what he's gonna do yes you are, casino 
288,he hates my fuckin' guts exactly he hates me, casino 
289,everything went to his head sure did, casino 
290,yes you did i did what you told me to, casino 
291,you did you're right i didn't i didn't i mean i did but then i did exactly what you told me to do and i came right back, casino 
292,yeah right that's sammy and he's probably got it there too he holds that key so tight he's probably got it stuck up his ass, casino 
293,you know mm hm, casino 
294,let me think about that well i was thinkin' maybe you know somebody at the bank could help me get my jewelry out there's a lot of money in there lot of money in there and i'd be willing to take care of anybody who helped me out, casino 
295,tell me what you were gonna say go ahead i don't, casino 
296,what what oh you're right i know it's well i was just, casino 
297,and listen don't do anything else crazy okay you all right okay i'll be there, casino 
298,you just relax and call me back here in exactly an hour on this phone and i'll see what i can do no i really do i think he's gonna kill me, casino 
299,thank you yeah, casino 
300,you're so nice you're a beautiful girl you don't want to ruin your looks i've seen a lot of girls get shot to hell from this stuff, casino 
301,yeah thanks all right, casino 
302,he gives a fuck what i do well i guess it's 'cause he loves you so much he's jealous and worried, casino 
303,i understand that but you know i think you should try to make the best of it now go slow you know see what happens i do, casino 
304,i should have never married him he's a gemini a triple gemini duality gemini's the snake you know you can't trust the snake i mean it well there you go but what does that tell ya a million dollars in jewelry does that tell you the guy is crazy about you or what, casino 
305,mm you want to steal it you mean like a lot of expensive jewelry about how much, casino 
306,am i right sure, casino 
307,you know the first time i ever saw your guys together i never saw him so happy i mean i know he's a crazy jew fuck and everything but yeah he's just a friend of mine i was trying to help so so what, casino 
308,well you gotta understand it he doesn't know if this guy is shaking you down or taking advantage of you yeah no shit, casino 
309,okay sammy hi how are you, casino 
310,but i saw something same outfit, casino 
311,great well you might as well get somethin' out of it, casino 
312,come on well how 'bout that, casino 
313,yes get lost, casino 
314,that bag's full of fuckin' chips you don't give me that shit i want my money, casino 
315,what money i've seen you stealing from me what do you mean 'what's the matter ' i made a lot of money for you i want my cut, casino 
316,ginger honey thank you sir i appreciate that everybody thanks gives some chips as tips to the dealer and box man thanks take care steve take chances and drive fast, casino 
317,i told you i was hot tonight thank you very nice, casino 
318,no i'm not gonna drive with some crazy no i'm gonna drive, casino 
319,just knock it off would you two knock it off get in the car 'go go go ', casino 
320,oh what bullshit what do you want to fuckin' talk it over now it's this bullshit it's just bullshit right here this is the fuckin' problem you know, casino 
321,he's sittin' by the phone that's yeah he's sitting by the phone like a dumb bell just waiting for you to call him back that's what he's, casino 
322,i just talked to him he called you right here, casino 
323,right lester he called you here, casino 
324,we'll go later you got money that's a that's a good look, casino 
325,uh talk to you later bye every time i ever see you that's what i see, casino 
326,yeah i do i mean it's it's the it's the best thing you can do right now i mean this and you'll have real security sweetheart you're gonna be situated just right in vegas you do, casino 
327,promise so it's gonna be okay isn't it, casino 
328,do you know that no lester, casino 
329,don't make me come there answer me i am, casino 
330,no you're not where are you where are you i'm here, casino 
331,okay all right, casino 
332,are they out now they checked in alone, casino 
333,listen back to nigeria yeah, casino 
334,boy look at this place huh wow, casino 
335,oh there aren't what's that huh what's that there's no more thanks hon look there aren't there aren't but, casino 
336,there's more there's a couple stuck in there i know there's more i think that's it, casino 
337,excuse me but i folded these things beautifully and i would appreciate a little respect jesus christ what a smart kid you are okay eat, casino 
338,yeah you know why right, casino 
339,two how many of these you gonna eat huh, casino 
340,no more fuckin' dirty work fuck you you motherfuck, casino 
341,frankie i'm in a bad fuckin' spot here you know that bad fuckin' spot, casino 
342,get her the fuck out of here get her out of here you're gonna fuckin' kill her take it easy, casino 
343,get out get out get out whoa calm down, casino 
344,yeah either that or in the fuckin' bank i don't know they're all over the joint dominick said they're in the motel, casino 
345,yeah just let me know but you gotta be ready you know what i'm talkin' about and you make it disappear you know what i mean, casino 
346,they'll do it yeah but i'm not sure yet, casino 
347,oh he ain't nobody who's this guy who's this guy, casino 
348,yeah but they keep askin' about it i don't trust him anymore but they'd never okay anything you know, casino 
349,nah you would've heard somethin' you think he's goin' home makin' a beef behind my back, casino 
350,he asked me again about you and the jew's wife walk walk walk what'd you say, casino 
351,you must have drunk too much what get out of here i got a marker comin', casino 
352,you should pay as fast as you collect you know he's here, casino 
353,fuckin' jews stick together don't they mm, casino 
354,i do all the work somebody don't like it fuck him let 'em complain i'm the one who's here, casino 
355,bosses i mean they're smokin' their di nobilis and they're eatin' a trippa italian american slang for 'tripe' and fuckin' suffritt' you know fried pigs guts while if i wanna talk private i gotta go to a fuckin' bus stop but he never talked, casino 
356,fine everything's goin' good nicky sends his warmest regards, casino 
357,remo and the guys used to hang out and count their millions pleasure, casino 
358,and this is stacy hey shelly, casino 
359,yeah i took care of everybody, casino 
360,she asleep i actually turned my bedroom into a bank vault where i kept the choice stuff, casino 
361,this peter's a motherfucker what's takin' so long over there, casino 
362,get up come here come here, casino 
363,you jag off smarten up, casino 
364,ace saw vegas one way hold it hold it here, casino 
365,well how come i laid nine kill you you motherfucker you frankie do him a fuckin' favor, casino 
366,charlie m charlie m, casino 
367,this motherfucker do you believe this two fuckin' days and nights fuck me fuck you, casino 
368,my fuckin' head yeah i know that's why you had it ready you thought i was fuckin' layin' it, casino 
369,yeah you're a little confused, casino 
370,you sure i was layin' no no i'm taking it i was takin' it, casino 
371,how you doin' how you doin', casino 
372,mr chairman do i hear a motion seconded, casino 
373,no i want to have this marked mr pardon me counselor before you continue, casino 
374,you are right what can i everything's comin' out of my pocket i gotta pay for all these trips back and forth back and forth, casino 
375,all right all right but i i take it easy though, casino 
376,you know you know you know what they're doin' to me i know but that's enough, casino 
377,behind my head they trust that scumbag i don't right now the way i feel i'll hit the two of them in the head with a fuckin' shovel i've never trusted him and you know i got eyes, casino 
378,i didn't curse i said 'frickin' head' again, casino 
379,i'm sorry since when do you talk like that, casino 
380,oh sorry hey oh, casino 
381,yes uh having a good time, casino 
382,yeah hiya that's a lot of money to be counting out in public, casino 
0,int tunnel day come on night shift, chill factor 
1,that is going to explode let me put it in easy terms aristotle we are carrying a damn bomb, chill factor 
2,int brynner's van day shit, chill factor 
3,int andy's ice cream factory andy's office day , chill factor 
4,ext ice cream truck day unbe fucking lievable, chill factor 
5,ext road day shit, chill factor 
6, int ice cream truck cab dawn, chill factor 
7, , chill factor 
8,okay okay what do you work for my boss dog, chill factor 
9,you see that was a that was my mission yeah, chill factor 
10,my code name was blackjack night shift was my coach uh uh uh i'm sorry mason was my coach yeah, chill factor 
11,it all started with our mission in istanbul yeah yeah yeah yeah, chill factor 
12,i feel faint oh oh, chill factor 
13,bullshit yeah well if we're not gonna be famous at least this'll be a great story to tell some ladies in a bar or somethin' that's bullshit, chill factor 
14,us look that's negotiating he threatened to kill, chill factor 
15,face crap you've been telling me what about all that no need to get in the man's, chill factor 
16,yeah i think so too, chill factor 
17,us owes us i feel that my government owes me a little restitution, chill factor 
18,you hello, chill factor 
19,who put the big hurt on who had to put a gun to your head, chill factor 
20,you did help a little always the negative, chill factor 
21, hey hey hey hey hey we are heroes my man it's time to start actin' like it, chill factor 
22, you know we saved half a million people from a full body peel, chill factor 
23,elvis is still in there it's gonna go off , chill factor 
24, , chill factor 
25,look out , chill factor 
26,they'll meet you at the top arlo i'm gonna get elvis you go, chill factor 
27,let's go hang on hang on, chill factor 
28, yeah yeah yeah, chill factor 
29,there's gotta be well hell the smoke's gonna kill us anyway, chill factor 
30,vitelli vitelli ta get outta here, chill factor 
31, , chill factor 
32, what, chill factor 
33, oh, chill factor 
34, , chill factor 
35,mason it says forty nine, chill factor 
36,shoot me , chill factor 
37,stupid you've gotta be, chill factor 
38,what do you think i'm doin' forty seven you'd better floor it, chill factor 
39,tunnel tunnel, chill factor 
40,he's comin' up fast our ass, chill factor 
41,here we've got elvis, chill factor 
42,okay oh shit, chill factor 
43,okay okay ful, chill factor 
44,on hang, chill factor 
45, go, chill factor 
46,what to him, chill factor 
47, you just can't leave that stuff with that lu, chill factor 
48,come here , chill factor 
49, okay, chill factor 
50,i'm sorry i'm a little , chill factor 
51,okay , chill factor 
52, okay all right man okay, chill factor 
53,yeah okay, chill factor 
54, reach into my pocket, chill factor 
55, what, chill factor 
56,hey hey hey we're gonna die, chill factor 
57,arlo shut up we're gonna die, chill factor 
58,they're movin' huh, chill factor 
59, listen arlo, chill factor 
60, , chill factor 
61,bullshit you would've killed us anyway you all right, chill factor 
62, yeah i know i know, chill factor 
63,or my conscience squirm i don't want his brains all over my shirt, chill factor 
64,i think you oughta cut a yeah, chill factor 
65,yeah baby whoo, chill factor 
66,like i said i got a pretty good idea of what's at stake here , chill factor 
67,split well all the same if we get to missoula help me find a car i'd appreciate it then you can, chill factor 
68,er it was your friend loaded i didn't buy you as a shoot, chill factor 
69,to tell you the truth you didn't shit, chill factor 
70, we got two paddles, chill factor 
71,and things sort of just went downhill from there couldn't deal with it so i split, chill factor 
72,and i put the car into a ditch he spent eighteen weeks in the we were celebrating right after the draft going from bar to bar i was drivin', chill factor 
73,robert del rio started every game my senior year not all american or anything but not bad anyway the real star was my best friend the quarterback got taken in the first round, chill factor 
74,you know four years ago i was a split end at kentucky state you know, chill factor 
75,truck so you took his, chill factor 
76,just ready to just slide him right in there and what about me huh what about arlo huh what about my needs you know i got a i got student loans or nephew or some good old boy, chill factor 
77,i deserve a lot more than that truck ten years ten years i busted my ass for that fat rat bastard you know what i'm sayin', chill factor 
78,hey i told you i did not steal that truck andy owes me a lot more than that four wheeled stole the truck, chill factor 
79,see now why would you do that to a man in my posi you're fucked man, chill factor 
80, worth a try, chill factor 
81,this thing just went up a degree ice cream's not workin' what, chill factor 
82, , chill factor 
83,all right hey , chill factor 
84,oh no oh no, chill factor 
85, , chill factor 
86, , chill factor 
87,what i don't want you to come anyway, chill factor 
88,then stay you're not dangerous you're crazy i ain't gettin' in this damn thing, chill factor 
89,taking it down the hill , chill factor 
90,man yeah he's a dangerous, chill factor 
91,to him you don't know who listen listen, chill factor 
92,okay all right okay , chill factor 
93,aw shit yeah, chill factor 
94,okay okay gimme that gimme that gimme that, chill factor 
95,all right okay, chill factor 
96,oh shit oh shit come on, chill factor 
97,oh pete oh shit oh shit , chill factor 
98,go on shit, chill factor 
99, hey, chill factor 
100, shit, chill factor 
101,ho ho , chill factor 
102,okay that didn't work holy, chill factor 
103,what the fuck was that you okay, chill factor 
104,i made it whoo, chill factor 
105,you crazy bastard come on, chill factor 
106, pete come on, chill factor 
107,night shift but you might hood of you knowin' any prayers is slim, chill factor 
108,pete come on oh shit come on old, chill factor 
109,left left left easy easy easy, chill factor 
110,god man come on old pete, chill factor 
111,oh shit go go go go go oh shit, chill factor 
112,oh petey oh petey oh please pete please don't do this to me okay goddamn, chill factor 
113,okay oh shit, chill factor 
114,that's right now move oh shit, chill factor 
115,your weedkiller on steroids goes down with us everybody dies , chill factor 
116,you think we can make what you see that truck we can make it, chill factor 
117,shift oh we're screwed night, chill factor 
118,fuck all right you got it, chill factor 
119,come on old , chill factor 
120,oh shit man, chill factor 
121, , chill factor 
122,waiting well then that means it's call, chill factor 
123,it was owed to me you stole the damn , chill factor 
124,let live yeah, chill factor 
125,you wanna hit me you, chill factor 
126,er cho and a hijack, chill factor 
127,i'm not the psycho no, chill factor 
128,kiss my ass i was thankin' you asshole, chill factor 
129, nice job back there, chill factor 
130, okay all right, chill factor 
131,oh , chill factor 
132, oh shit, chill factor 
133,work it's not even load doesn't, chill factor 
134,take your gun , chill factor 
135, , chill factor 
136,okay no no no no no keep goin', chill factor 
137,damn god, chill factor 
138,we can't push old pete in this heat he can't take it hey, chill factor 
139,i ain't playin' that fine, chill factor 
140,look i don't give a shit if you go through missoula at a hundred miles an hour we're goin' to mcgruder i didn't steal the truck he owed it to me anyway the important thing is i'm not goin' through missoula, chill factor 
141,you stole this truck that's i did not steal this truck, chill factor 
142,yeah borrowed borrowed, chill factor 
143,i ain't goin' through missoula er, chill factor 
144,no no no no no no no no we gotta go to mcgruder i go where the truck goes, chill factor 
145,billings no no no no no we need to go to mcgruder suppose you're gonna shoot me because you can't get service on my cell phone, chill factor 
146,we're clear , chill factor 
147, do you wanna give me a minute, chill factor 
148,excuse me damn diesel injections are flood, chill factor 
149,what the hell's goin' on damn, chill factor 
150,are you kiddin' up, chill factor 
151,come on get in the truck i'm gonna stomp your a, chill factor 
152,what did you do that for it makes him mean as a snake yeah to keep him off my ass, chill factor 
153,there we go there we go did you keep it safe did you , chill factor 
154,go on you are not takin' my truck, chill factor 
155,hey you're gonna piss me what the hell are you supposed to be all right then how about this, chill factor 
156,i got fifty bucks i'll get more i got uh, chill factor 
157,you want cash wait wait wait hold up hold up look, chill factor 
158,peace is as dangerous as you seem to think it is i'm gettin' my ass as far away from you and it as possible, chill factor 
159,er then you drive me to mcgrud, chill factor 
160,i need your help o of all wantin' to be a part of this wacko shit, chill factor 
161,for cryin' out loud yeah i believe him he was my friend, chill factor 
162,tana look if i don't get this stuff to mcgruder it's goodbye andy's ice cream goodbye jerome goodbye mon, chill factor 
163, i need your truck, chill factor 
164,no sorry man he's dead, chill factor 
165,no no no no no no wait why don't i, chill factor 
166,huh that'll make up the difference huh, chill factor 
167,bein' that it's cash i'm gonna give you ten percent two things andy is not uh but i tell you what, chill factor 
168,he could've called first except for the fact that i need cash, chill factor 
169,moron andy another fuckin', chill factor 
170,yeah well darlene didn't say anything about it to me so tell andy to bill her like usual and let them sort it out move , chill factor 
171,since when does uh between this month and last month you owe four hundred and seventeen dollars and we need that in cash, chill factor 
172,the guy's a fuckin' moron no argument there, chill factor 
173,great freezer in the back, chill factor 
174,where's sam ty, chill factor 
175,a little early for a delivery , chill factor 
176,vaughn such is the price of patriotism, chill factor 
177, , chill factor 
178,funny situation ain't it andy well well well, chill factor 
179,i urge you to be persuasive oh my god, chill factor 
180,just give me elvis and i'll make sure you have enough money for a dozen ice cream trucks frozen so if you don't mind, chill factor 
181, don't be tedious waiter dr long called it elvis, chill factor 
182,within five minutes give it to me now or you'll be dead, chill factor 
183,we're worried to tell you the truth we're looking for a scientist who's gone missing from the tech center maybe you know him richard long, chill factor 
184,be cool be hey be cool, chill factor 
185,help you why don't you get that tub of shit sam to, chill factor 
186,i did what i could for you it's uh parked just off of highway thirty five, chill factor 
187,hey actually have it you have to have to get it to m to mcgruder, chill factor 
188, here mason, chill factor 
189,i had no idea how powerful it was so you called the damned thing elvis, chill factor 
190,wait this town is full of trucks nice new trucks you don't need to go to fort mcgruder in his truck, chill factor 
191,bullshit put the phone down mason the guy the army guys are lookin' for, chill factor 
192,what the hell's a sage well why don't they talk to the sage of jerome here, chill factor 
193,no sir i've never seen this guy before lem too, chill factor 
194,including the permanently extreme to take any extreme measures i deem necessary, chill factor 
195,however you are also non en exactly, chill factor 
196,us owe us owe you, chill factor 
197,all right gentlemen we're about done here fine job hold it, chill factor 
198,mason i can barely hear you what say again, chill factor 
199,are you crazy take the boat whoo hoo, chill factor 
200, , chill factor 
201, if you're right lewis this mason is one hell of a pro he must have a service record and a paper trail some, chill factor 
202,any of them richard long they were all wearing hardware, chill factor 
203,is it colonel vitelli we got a busted in cold vault inside, chill factor 
204,why is it you scientists can create implements of destruction so far ye yes, chill factor 
205,all right after they put you away almost quaint, chill factor 
206,men every time i've closed my eyes but after you went away i do you think i haven't seen the bodies of those, chill factor 
207,years of thinking the matter over i began to see that the whole thing wasn't really my problem you were right of course but after, chill factor 
208,mm hm grateful, chill factor 
209,that i know where the blame belongs but i didn't put you in prison andrew the government did, chill factor 
210,ple not at all like a man responsible for the deaths of eighteen peo, chill factor 
211,no go is this stool taken, chill factor 
212,about i wish they would've let me say something, chill factor 
213,damn you long my people are out there your people are out there you'll kill us all, chill factor 
214,no destroyer of worlds, chill factor 
215,all right one more shot provided we're off the island tonight you have my word on that, chill factor 
216,now listen to me but you have no choice but to follow orders, chill factor 
217,here and the white house is screaming about chemical weapons and we're the nsa thinks the un is onto your work, chill factor 
218,bility this isn't some kind of pissing contest long you may be in charge here but those men out there are my responsi, chill factor 
219,sweeney tells me you don't have computer confirmation i don't work for you captain brynner, chill factor 
220,what the hell is all this about a detonation today we're scheduled tor long, chill factor 
221,i'll do it and i'm warning you leo don't test me get your men and your machines off my radar screen in five or three million people will die, chill factor 
222,destry fair oaks maybe even salt lake not to mention casper, chill factor 
223,enworth i'll have no compunction at all about using this i lost all my squeamishness at leav, chill factor 
224,and i don't like deviations from plans leo as i'm sure you re i checked your release date i never liked coincidences, chill factor 
225,i can't say it's a surprise pleasant surprise, chill factor 
226,brynner happen if i drop this, chill factor 
227,besides how are we gonna sell something we don't have , chill factor 
228,vaughn burke move to the end of the street fan out and work your way back to the motel closin' down sir, chill factor 
229, int vitelli's helicopter day, chill factor 
230,hit him again int postal van day, chill factor 
231,carl establish contact with that deputy we met earlier he'll be more useful now int brynner's van day, chill factor 
232,all right tell the pilot we'll be a half hour int helicopter day, chill factor 
233,and so missoula's prodigal son returns , chill factor 
234,int brynner's van day dutiful citizens you have something which i have waited years for, chill factor 
235, int darlene's store day, chill factor 
236,comes up that road ext brynner's van night, chill factor 
237,move this is already affecting our schedule int long's car night, chill factor 
238,this is it int u s research laboratory long's office night, chill factor 
239, stay put keep the camera trained on, chill factor 
240,get 'em in the middle of the dam having witnessed the effects myself i can assure you it'll be very useful when the bidding starts, chill factor 
241,here i wanna patch in from, chill factor 
242,move just when we have all the cards vaughn take these two behind the van, chill factor 
243,you can't fire on them you're gonna detonate the crystals vaughn get the m seventy nine ready, chill factor 
244,sir all potential customers have been informed of the delay fur you have ten percent of a hundred million dollars comin' your way i think we can impose on you for a little overtime, chill factor 
245,check the immediate area it's clean, chill factor 
246,we're in vaughn, chill factor 
247,richard long general store, chill factor 
248,right tim mason ty, chill factor 
249,mand out of fort bragg i'm colonel brynner u s special operations com, chill factor 
250,carl dennis get out of sight in missoula all we need to do is get to mason before anyone else does, chill factor 
251,out here captain don't you think the guys deserve a break it's a hundred degrees, chill factor 
252,you don't think it's that bad do you sir i mean long's spent the last two years developing his defoliant the stuff can't even kill crabgrass yet scientists, chill factor 
253,uh with all due respect sir dr long told me to prep the field for detonation at screwup, chill factor 
254,yes captain brynner you did but but fall, chill factor 
255, i would've in another life, chill factor 
256, , chill factor 
257, , chill factor 
258, checked, chill factor 
259,no , chill factor 
260, , chill factor 
261, it won't be long gentlemen, chill factor 
262, , chill factor 
263, him first, chill factor 
264,your fellow hero untouched , chill factor 
265,tainer it's a little late for matinee heroics mason just give me the con, chill factor 
266,i don't see my container then meet me at the dam in fifteen minutes, chill factor 
267,hello elvis is fuckin' dead man get yourself some cds, chill factor 
268,because if you don't give me that cylinder your lives will end never done a thing for you, chill factor 
269,i want you to look at one another i don't know what the hell, chill factor 
270,yeah like i say doc long's, chill factor 
271, though, chill factor 
272,doc long yeah i know him weirdo guy he comes in from long, chill factor 
273,i assume you have one actually i was just looking for a restroom, chill factor 
274,uh you wanna hunt outta season it's cool with me but mostly well they just take a six i beg your pardon, chill factor 
275,dangerous assumptions are always, chill factor 
276,well then how about a cup of coffee darlene lene, chill factor 
277,mornin' we gotta get help aw fuck damn, chill factor 
278,two pots of coffee like april it gives him gas and make sure there's two pots of coffee, chill factor 
279,yeah mm it doesn't take a genius, chill factor 
280,oh well i have got to get to the dentist be time remember, chill factor 
281,and then my night man shows up when he feels like son of all the days for you to show up late first the idiot april calls in sick then i got a bad tooth, chill factor 
282,and you ain't gonna start now you know i have yet to get a simple cup of coffee and a meal in this place darlene, chill factor 
283,ah secrets, chill factor 
284,somehow he's smart enough to get you, chill factor 
285,oh no story of my life well one thing you won't lose is that friend of yours back there i'll tell you that, chill factor 
286,kabula's out geneva just pulled the plug, chill factor 
287,ext dam day go, chill factor 
288,it's after five int u s research laboratory corridor night, chill factor 
289,int tunnel day tight, chill factor 
290,int tunnel day major we've gotta seal that tunnel major, chill factor 
291,int vitelli's helicopter day no sign of 'em, chill factor 
292,hit it negative negative, chill factor 
293,that tunnel here's what i want you to do, chill factor 
294,all right let's move gomez you fight the battles you can win now we've been outmaneuvered here brynner's next move is gonna be to get elvis out of the country and sell him to the highest bidder to do that he has to have planned an exit point that's where we intercept him that's where we make our play now you and your men back off, chill factor 
295,he was major andrew bryn colonel sir who the hell is this guy, chill factor 
296, the sooner you get up the lab the sooner you'll figure it out, chill factor 
297,it must've happened right after we left thanks, chill factor 
298,that little geek is my it could be a cover i suppose, chill factor 
299,son a man named tim ma, chill factor 
300,one of our units is pursuing a suspect up the thirty well i've got dr long's body down at the coroner's office, chill factor 
301,what the hell are you talkin' about i will tell you what i, chill factor 
302,deputy art lewis jerome county sheriff's department , chill factor 
303,try this one out some hey doc might wanna, chill factor 
304,couldn't sleep pumper is everything uh all right tonight morning doc awful early aren't ya, chill factor 
305,and only then does our noble friend realize tryin' to remember somethin' somebody once told me about tyin' a fly, chill factor 
306,m means mason the only one who understands what this me, chill factor 
307,and what if it does never let it reach fifty degre degrees, chill factor 
308,the compound has to be kept cold no, chill factor 
309,shit oh shit mason, chill factor 
310,some people might fishin', chill factor 
311,is death without caution, chill factor 
312,forcing him to strike and only then does our noble friend realize that the prey can bite create a piece of bait that sends the fish's instincts into overdrive, chill factor 
313,there's only one way you can do it mason how can we ever hope to win against the trout, chill factor 
314,he's brains without ambition is a perfect hunter, chill factor 
315,and i'm good at this been doing it since i was a kid but you i don't know somehow you think but you pull twice as many fish out of the water as i do, chill factor 
316,been trying to figure out your secret , chill factor 
317,i got eight thousand yards radius is five dr long, chill factor 
318,how much longer for the range and power projections well your prediction was on the nose, chill factor 
319,mr sweeney how goes it , chill factor 
320,yeah mason mason, chill factor 
321,if you're not out of there soon i have got to seal the forty seven, chill factor 
322,mason where are you now, chill factor 
323,son what say again ma, chill factor 
324,fol all right go, chill factor 
325, i'll lead 'em out, chill factor 
326,the army sealin' us in what the hell was that, chill factor 
327,just go check the temperature tunnel now, chill factor 
328, what happened to colonel brynner, chill factor 
329,on the other end of this phone there's a colonel, chill factor 
330, stole a truck under arrest, chill factor 
331,you redneck idiot do you have i said let me see your hands now, chill factor 
332,let me see your then how about if i call you ass, chill factor 
333,shut your mouth until i tell you beer, chill factor 
334,mason you wouldn't know the truth if it bit you we've got your whole record we know about the the conviction for vagrancy lying, chill factor 
335,i don't sell beer to minors i take that kinda thing selling this young man beer wednesday night, chill factor 
336,you answer mine badge someday then you can ask the questions until then, chill factor 
337,nope is there a prob do you recognize this young man, chill factor 
338,so mason last wednesday night uh were you out black background, chill factor 
339, , chill factor 
340,arlo int brynner's van day, chill factor 
341,gimme this god int ice cream truck cab day, chill factor 
342, , chill factor 
343,ext ice cream truck day , chill factor 
344,ext u s army research laboratory guard gate jerome night the usual doc, chill factor 
345,now seal that tunnel now int tunnel day, chill factor 
346,int vitelli's helicopter day negative negative, chill factor 
347,int tunnel day it's too late mason i've, chill factor 
348,int vitelli's helicopter day uh so head for the other end of the tunnel, chill factor 
349,int gomez's helicopter day we've gotta take out brynner's van before they reach, chill factor 
0,sending what we know back to u s t via satellite what are you doing, innerspace 
1,don't worry about me you take this time for your own you two i'll get us out of here, innerspace 
2,awwww i want to thank you for what you've done, innerspace 
3,you're lovely she's so lovely it's all my fault i was wrong, innerspace 
4,they can she's in love with you anyone can see that, innerspace 
5,thing is i think i'm in love with her not really truth is i was jealous of you, innerspace 
6,no she just stayed with us like she did all along i was wrong she tried to help us get away, innerspace 
7,she works for them rene, innerspace 
8,i have been i think you're right keep thinking, innerspace 
9,gimme a minute we are in a dungeon how do we get out, innerspace 
10,be quiet losing power the laser drained it, innerspace 
11,what exactly do something, innerspace 
12,well don't let it what are you doing this may hurt, innerspace 
13,gruner switched the chip to him not from him then he led us away again to chiang cho dieter, innerspace 
14,shit it's just money holy, innerspace 
15,just fine i'll do the driving from now on are you alright, innerspace 
16,do it he didn't he left us that walkman chip to confuse us would have kept most people busy we were too fast for him, innerspace 
17,and dieter it's in the watch he lead us on that chase while dieter brought the chip into hong kong, innerspace 
18,he hung us up dry it's not the one wait there's a label, innerspace 
19,cash haka xuki what's that mean, innerspace 
20,what was it what'd i say just say the words just like i told you, innerspace 
21,you sure this will work i was afraid of that, innerspace 
22,come on it's him, innerspace 
23,probably hiroshima she's going with us are you out of your mind, innerspace 
24,you were with gruner he was with gruner, innerspace 
25,what neither can they, innerspace 
26,a hard left a hard left ow, innerspace 
27,imagine a better grape for the region you have to quickly, innerspace 
28,what next too late, innerspace 
29,don't touch a thing i know she's not with them i know something else what's bothering you isn't her, innerspace 
30,yeah you've fallen for her you think that's what you're good at, innerspace 
31,relax make your mind a blank relax let me do this, innerspace 
32,wait a minute wait a minute al you leave my heart alone down to your heart i'm gonna clean some fat out before you drop on me, innerspace 
33,sapporo that's not funny, innerspace 
34,come on she's getting away run stupid, innerspace 
35,what do i do i'm running in circles in the middle of some foreign country i don't speak their language they don't speak mine i don't even know where i am what's going to present itse, innerspace 
36,fountainhead of high tech osaka, innerspace 
37,better i found ryuji you found her, innerspace 
38,some agent you are it wasn't like that, innerspace 
39,no what will you do no what do you hope al i hope i just hope that someday you're real small and you've got no time and you got no one to help you and you depend on me and you know what i'll do, innerspace 
40,and on my time shit you're in love, innerspace 
41,is that all ahhh works ryuji travel just business she's fine arts university of tokyo, innerspace 
42,what happened i mean it you watch old tapes of the ballgame i'll fill you in later i mean it, innerspace 
43,oh come on you got any books in there, innerspace 
44,what if she says something important it's embarrassing, innerspace 
45,not her you you're doing great with her, innerspace 
46,come on look at her don't you know anything about women the data is skewed we might as well go with instinct can't tell every time i try her you look away or you make noises maybe you don't want to know, innerspace 
47,even rene your data must be bad everyone can't be lying all the time, innerspace 
48,they're all in it i've lost something i must get it back, innerspace 
49,my coast is maine actually we have a place in bar harbor and a bar in sutton place he recognises you throw him off, innerspace 
50,just don't show fear killer, innerspace 
51,just hold them close and stay still i feel like an idiot, innerspace 
52,the drinks stay on them what glasses, innerspace 
53,pan the group will you if you're right at least one of them is involved you got a better idea you tell me other than her there's no one here i know, innerspace 
54,that place by the window get close to them, innerspace 
55,the beautiful one which one is she, innerspace 
56,what did that cost why not, innerspace 
57,it is my business it's my name mind your own business, innerspace 
58,this is not going to work out you really like that shirt, innerspace 
59,is something glinting what's nothing look like it looks like nothing, innerspace 
60,now where would i be but you've got to have sophistication savoir faire, innerspace 
61,i'm not some hot shot test pilot i'm not some playboy i don't usually pick up girls rene, innerspace 
62,it worked yeah some help that poetry really killed her, innerspace 
63,without your pants to the hotel to register, innerspace 
64,what happened no you idiot, innerspace 
65,what touch her, innerspace 
66,wait wait, innerspace 
67,anything aw hell just tell her the truth what, innerspace 
68,what can i do you're on your own help me out will you, innerspace 
69,try another language she doesn't seem to understand, innerspace 
70,she's beautiful what do i do what is it, innerspace 
71,follow it this must be business there's nothing else here, innerspace 
72,beautiful are you screwing with any nerves, innerspace 
73,where are you going wait now lie down somewhere quiet and rest i'll be back in a while, innerspace 
74,why not i don't want to eat it, innerspace 
75,the sand now what, innerspace 
76,you eat it here all the seaweed you want now what, innerspace 
77,good idea swim, innerspace 
78,just beautiful what is it, innerspace 
79,eating sushi how else do you get seaweed under your nails, innerspace 
80,now what you leave my glands alone, innerspace 
81,you'll be me oh yeah to what, innerspace 
82,it's attitude how you carry yourself it's just not enough, innerspace 
83,well if not to kill then to bother and annoy and a license to kill, innerspace 
84,who cares it's illegal, innerspace 
85,use my credit cards i don't have any, innerspace 
86,we get on which plane we get on a plane, innerspace 
87,who wait a minute i'm no agent secret or otherwise and i'm alone send a man there a secret agent, innerspace 
88,what is it nothing you just do nothing, innerspace 
89,not who a data bank just keep your ear to the phone and don't make a sound who is it, innerspace 
90,i'm back the airport hey wait a minute, innerspace 
91,wait a minute the fight where did he get you nothing, innerspace 
92,i don't wanna be you i wanna go home you do to get out of here you're gonna be me, innerspace 
93,gone where they think we're safe here they don't really need us they're probably long gone, innerspace 
94,black suits and helmets what do you mean, innerspace 
95,oh my god what did he look like the man the man, innerspace 
96,is it familiar have you been here before a lab and equipment, innerspace 
97,corridor a what does it say, innerspace 
98,just walk down the hall go out take your first left, innerspace 
99,door's locked we have to get out of here, innerspace 
100,sue them why don't you just get out leave me alone, innerspace 
101,find you ever think of what they might have to do to find me, innerspace 
102,thanks we're a team my talent your mobility, innerspace 
103,what do you mean we you're the one talking to a little guy in your head we'll have to do it on our own, innerspace 
104,yeah who is they're busy covering their asses they're not the type of people we need, innerspace 
105,they could put you back in the tube i don't know i don't want to find out, innerspace 
106,it can't take that long yeah al wants to talk to you, innerspace 
107,i don't know to get al how do you act when someone trys to kill you, innerspace 
108,i don't know anything i just want to go home why al you know too much, innerspace 
109,can't see a goddamn thi get your breathing down you sound like a cement mixer, innerspace 
110,whatever you do just don't stop now what, innerspace 
111,what do i do he's not the problem it's the van in the back, innerspace 
112,what's that still clear just a motorcycle, innerspace 
113,anyone there if i'm real they'll get me out if i'm not they'll treat you either way you'll be better off than you are now you'll get a reward, innerspace 
114,oh gooood i'll talk to them, innerspace 
115,why don't you sorry all this buzzing in my head why don't i just take you back to ust, innerspace 
116,what was that yeah, innerspace 
117,yes yes i'll explain it all just put the gun down why he's argumentative, innerspace 
118,you're gonna explain you're not crazy don't wait a minute just let me explain, innerspace 
119,hear voices don't i you're not crazy, innerspace 
120,yep are you crazy, innerspace 
121,loading a gun what are you doing, innerspace 
122,then how'd i get here i just went there for a job, innerspace 
123,the nicholson node i suppose you haven't heard of that either i don't know what you're talking about, innerspace 
124,look i didn't ask to be in you don't blame me for it you did it i'm trying to get you to listen to reason, innerspace 
125,you've heard of the pem114 what are you doing in my head al, innerspace 
126,quit screwing around this is important well if you're in my head to you i'm god, innerspace 
127,who are you nerve bundle what are you doing you just leave the nerve bundles right where they are, innerspace 
128,right you're in my head you can talk to me and hear what i say but you can't see anything, innerspace 
129,where are we now somebody's been here, innerspace 
130,do me a favor al i need to make a phone call, innerspace 
131,what street we're walking down queer street we coming to dopey drive we're about to be put somewhere quiet where they won't mind that we talk to ourselves what street, innerspace 
132,what you lose your lease on a condo i just got here, innerspace 
133,no no it's nothing rehearsing a play what light through yonder window breaks it is al and he's in my head i see, innerspace 
134,yes you're in my head, innerspace 
135,al al, innerspace 
136,who was it it wasn't him, innerspace 
137,don't do that reporting him ventriloquism on a bus, innerspace 
138,i'm inside you try me, innerspace 
139,al my name is al, innerspace 
140,i know you did i said something, innerspace 
141,some friend you are you know what i hope joe it's not love it's like it's real strong like and i got your information now get off my back, innerspace 
142,joe what abilities it's all we've got, innerspace 
143,joe go to what the hell does that mean trouble is if we both get stuck here, innerspace 
144,let us get to the border what kind of a deal, innerspace 
145,i know we fight but i don't mean it you're quite a guy no one else could have dealt with this i didn't do anything, innerspace 
146,don't worry can you fly this, innerspace 
147,dieter we've ruined his market in japan where's dieter, innerspace 
148,no don't give her your name, innerspace 
149,i've seen that before never had anyone actually do it the best part she'll love it, innerspace 
150,works like a charm when i use it you didn't say it right it'll remind me of you, innerspace 
151,not that truth what a nerve, innerspace 
152,it's a long story in him, innerspace 
153,i take the last chip in with me i use it to control re enlargement from inside no if anything happened you'd be stuck in there like he was, innerspace 
154,if there is a pod inside him we'll find it and bring it out for study i'll prove it we'll repeat their procedures put a man in our pod bring it down and then inject him, innerspace 
155,rene i knew he was following us he diverted attention exposed ryuji's trap, innerspace 
156,newer more powerful design , innerspace 
157,you've cut your hair then how did you know, innerspace 
158,bit expensive sir private clinic best of care total privacy we'll pay all costs, innerspace 
159,what job ah no sir he was here for a job interview, innerspace 
160,surveilliance on them all we'll have to let them go, innerspace 
161,they took the tapes surveillance cameras, innerspace 
162,he's not an ordinary man yes, innerspace 
163,well i'm glad to see you sorry things broke up like that yes joe, innerspace 
164,what are you doing here where've you been join us, innerspace 
165,i think i've heard of you and you know jan gruner, innerspace 
166,well i try to give them whatever they want and how do you service foreigners, innerspace 
167,it is to me too that name's familiar, innerspace 
168,i don't want to intrude you him ust, innerspace 
169,was quite excited when he came in been hearing voices, innerspace 
170,ahhh nothing of course you're not we'll take good care of you, innerspace 
171,al i don't know who, innerspace 
172,why would we want to hurt you no it wasn't it was intentional, innerspace 
173,take the card what, innerspace 
174,i will you'll feel better, innerspace 
175,oh sure don't you want to get out, innerspace 
176,here we're here, innerspace 
177,thanks fine you look fine, innerspace 
178,who are you right, innerspace 
179,remember what when you remember, innerspace 
180,oh that's okay i don't know the last couple of hours last few days, innerspace 
181,oh it may have been affected, innerspace 
182,what now remember your short term memory may have been affected, innerspace 
183,don't do it thanks i appreciate that, innerspace 
184,and you there are many places to get away why here couldn't help it no offense she's not your wife is she, innerspace 
185,yessir very good sir the fresh tuna, innerspace 
186,sir now you know what i know, innerspace 
187,how's that trucklhouser beer sir, innerspace 
188,oh and who is it you did joe no i didn't you said something first, innerspace 
189,what nothing, innerspace 
190,what do you want what's what, innerspace 
191,yeah i have to get away he should do it in person i mean ex person, innerspace 
192,what is it i told you i work for him, innerspace 
193,that's twenty feet high come on, innerspace 
194,but you did it it was you he told me what to do, innerspace 
195,you are i've seen you do what i don't know i'm no good at this, innerspace 
196,we just don't stop now what, innerspace 
197,who are you who do you work for her, innerspace 
198,you son of a bitch you conned me aren't you a little optimistic, innerspace 
199,escape why not what are you going to do, innerspace 
200,uh wonderful i know i'm strange but in my own way i love you i've never met anyone like you, innerspace 
201,how i was crazy desperate i took it out on you i didn't mean it i know what she sees in you you're kind and you're brave if i ever get out of you i'll be glad to call you my friend, innerspace 
202,why did you then don't blame yourself i didn't have to come along, innerspace 
203,can't you do something they can hold us here forever nobody knows about us, innerspace 
204,you can say that again what do we do what a mess, innerspace 
205,they'll listen to what we say in here now what, innerspace 
206,they asked about you looks like they can what did they do, innerspace 
207,what'd you forget i can't fly it, innerspace 
208,can you why not, innerspace 
209,this going to work so do i, innerspace 
210,you've been there that's not this direction it's back the other way, innerspace 
211,i said just relax i'm in full control what, innerspace 
212,why'd you ask him oh, innerspace 
213,dieter's gone to shoot a still job hong kong what, innerspace 
214,where would you go to sell a chip where what, innerspace 
215,that must be him water taxi why don't you get us some food this may take some time, innerspace 
216,now what he plays it all the time, innerspace 
217,must be a pick up a rendezvous this boat doesn't go anywhere just toots around the inland sea, innerspace 
218,it was a good job not many ways for a foreigner to make money here ryuji hires me to organize business meetings take care of things and you, innerspace 
219,ryuji and gruner who was, innerspace 
220,you think i'm like that lots of my clients are rich guys they like danger like playing with drugs and things running around acting mysterious, innerspace 
221,you don't believe me get your things, innerspace 
222,i don't know he mentioned a city got to trust someone, innerspace 
223,one chip a chip goes in a computer, innerspace 
224,he must be a good friend he stole something from a friend of mine, innerspace 
225,now so am i what's so interesting about him i'm just on vacation, innerspace 
226,this business is over why, innerspace 
227,you're leaving this is a tough place to keep kosher, innerspace 
228,who did no, innerspace 
229,did he put you up to it did he ask you to sleep with me last night, innerspace 
230,you work for ryuji i don't know ryuji said there was a change of plans, innerspace 
231,what did you tell them they kidded me a little, innerspace 
232,who else is interested in me you seemed interesting, innerspace 
233,why did you stay with me why didn't you tell me, innerspace 
234,why'd you run off joe what happened to you, innerspace 
235,he likes the quiet they were here last week how often they come here, innerspace 
236,no ryuji just hires us is that ryuji, innerspace 
237,who do you work for naw made that up, innerspace 
238,you're doing okay and how'm i doing, innerspace 
239,you did if i was with you i wouldn't, innerspace 
240,you talk to yourself i promise you that i am not crazy course if i was i'd be the last to know why do you ask, innerspace 
241,are you alright you are, innerspace 
242,as if your mind's not all there disinterest, innerspace 
243,i guess it's a combination you don't often see apparent attraction i don't know, innerspace 
244,me still they left you alone you again, innerspace 
245,yes of course you mean from it, innerspace 
246,like there's someone else here what way, innerspace 
247,without what let you leave without it, innerspace 
248,haven't seen you around right here too, innerspace 
249,dinner tonight where, innerspace 
250,blake said that yes, innerspace 
251,blake i am confused or maybe it's you, innerspace 
252,i'm looking for someone what do you do about what, innerspace 
253,someone is selling you followed us if it's not him it must be you if it's not you it must be him you scared him off why'd you invite me here, innerspace 
254,i can't he didn't do anything thanks to you could have been drunk a little sooner but excellent good character what is it, innerspace 
255,what could you find in this place it keeps me busy everybody always wants something, innerspace 
256,water fountain's through that door down the hall a drink, innerspace 
257,i have a seat i've had it since nine i'm sorry we're running behind so many applicants so few jobs if you'll just have a seat, innerspace 
258,mom what are you doing here ahhh okay, innerspace 
259,that's alright just tear it apart i can't get it out it would take hours, innerspace 
260,it will be fine you have another it is, innerspace 
261,why not you can't take that, innerspace 
262,no it doesn't hurt, innerspace 
263,ow perfectly, innerspace 
264,this the only spare thank you, innerspace 
265,so we better get started it'l take months, innerspace 
266,too much what does he know, innerspace 
